<?xml version="1.0"?>
<!--
/**
 * Copyright © Magento, Inc. All rights reserved.
 * See COPYING.txt for license details.
 */
-->
<schema xmlns:xsi="http://www.w3.org/2001/XMLSchema-instance"
        xsi:noNamespaceSchemaLocation="urn:magento:framework:Setup/Declaration/Schema/etc/schema.xsd">
    <table name="W3_block_tag" resource="default" engine="innodb" comment="W3 Block Tag" charset="utf8" collation="utf8_general_ci">
        <column name="tag_id" xsi:type="int" unsigned="true" padding="11" identity="true" comment="Tag ID" nullable="false" />
        <column name="tag" xsi:type="varchar" length="255" comment="Tag Name" nullable="false" />
        <constraint xsi:type="primary" referenceId="PRIMARY">
            <column name="tag_id" />
        </constraint>
        <constraint xsi:type="unique" referenceId="UNIQUE">
            <column name="tag" />
        </constraint>
    </table>
    <table name="W3_tag_data" resource="default" engine="innodb" comment="W3 Tag Data">
        <column name="entity_id" xsi:type="int" unsigned="true" padding="11" identity="true" comment="Entity ID" nullable="false" />
        <column xsi:type="int" name="block_id" padding="11" unsigned="true" nullable="false"  comment="Block Id"/>
        <column xsi:type="int" name="tag_id" padding="11" unsigned="true" nullable="false"  comment="Tag Id"/>
        <constraint xsi:type="primary" referenceId="PRIMARY">
            <column name="entity_id" />
        </constraint>
    </table>
</schema>
